"אבוהב, רותם",כוכבות,
"אביבי, שי",סטנדאפ לאחר כוכבות,
"אבלסון, קנדי",פתיחת קופות,קומדי בר
"אבני, מיטל",פתיחת קופות,נשי ותהני
"אבקסיס, נדב",כוכבות,
"אברהם, מורן",הופעות/כתיבה בטלוויזיה,
"אברהם, עודד",במות פתוחות,ערב הסטנדאפ האינטימי
"אברמוב, אפרת",הופעות/כתיבה בטלוויזיה,
"אגמון, לוטן",במות פתוחות,
"אדלר, גיא",קביעות במועדונים,"ערב הסטנדאפ המיותר, קאמל קומדי קלאב"
"אהרון, תם",כוכבות,
"אהרונוביץ', מוטי",פתיחת קופות,קאמל קומדי קלאב
אודי ואביעד,פתיחת קופות,
"אוחיון, אורי",במות פתוחות,
"אונגר, נועם",קביעות במועדונים,סטנדאפ פקטורי
"אור גיל, מעיין",במות פתוחות,ערב הסטנדאפ המיותר
"אור פז, איזי",במות פתוחות,איזי והפתולוגים
"אור, דינה",פתיחת קופות,
"אורבך, יאיר",פתיחת קופות,
"אורינגר, בן",במות פתוחות,
"אורן, ענת",הופעות/כתיבה בטלוויזיה,"ערב הסטנדאפ המיותר, סטנדאפ ואלרגיות"
"אזואליס, צח",במות פתוחות,
"אזערי, מורן",פתיחת קופות,בנות עם ביצים
"אטיאס, שימי",פתיחת קופות,
"אטינגר, אבי",הופעות/כתיבה בטלוויזיה,
"איטח, אודי",קביעות במועדונים,סטנדאפ פקטורי
"איילון, רועי",במות פתוחות,
"אל חלבי, כאמל",קביעות במועדונים,סטנדאפ פקטורי
"אלגוסי, שלומי",פתיחת קופות,
"אלטויל, אייל",פתיחת קופות,
אלי ומריאנו,כוכבות,
"אלימלך, בבר",פתיחת קופות,
"אלמקיס, חיים",פתיחת קופות,סטנדאפ פקטורי
"אלפי, גורי",כוכבות,קאמל קומדי קלאב
"אלקובי, אסתי",במות פתוחות,
"אלתרמן, עידן",פתיחת קופות,
"אמבון, נדב",במות פתוחות,
"אמויאל, שלומי",במות פתוחות,צחוק אין דה בלוק
"אמזלג, תמיר",הופעות/כתיבה בטלוויזיה,צוות מנחוס
"אמיתי, חננאל",פתיחת קופות,
"אמסטרדמסקי, ליאור",הופעות/כתיבה בטלוויזיה,"כל מה שמצחיק בעולם, ערב הסטנדאפ המיותר"
"אנגל, נועה",במות פתוחות,
אסי,במות פתוחות,
"אסייג, דניאל",סטנדאפ לאחר כוכבות,
"אסייג, שלום",כוכבות,
"אקילוב, מרינה",קביעות במועדונים,"נשי ותהני, סטנדאפ פקטורי"
"אראל, נוי",במות פתוחות,
"ארבלי, דודי",קביעות במועדונים,סטנדאפ פקטורי
"ארז, דודו",פתיחת קופות,קאמל קומדי קלאב
"אריאלי, קובי",פתיחת קופות,
"ארלוק, הגר",במות פתוחות,
"ארליך, אילנה",במות פתוחות,
"אשכנזי, משה",סטנדאפ לאחר כוכבות,
"אשכנזי, עדי",כוכבות,
"בארי, איילת",במות פתוחות,
"בדישי, שאולי",פתיחת קופות,קאמל קומדי קלאב
"בודסקו, הדר",במות פתוחות,
"בוכריס, איתן",הופעות/כתיבה בטלוויזיה,
"בוני, ירון",פתיחת קופות,
"בוסקילה, תמיר",פתיחת קופות,סטנדאפ פקטורי
"בוקס, דניאל",הופעות/כתיבה בטלוויזיה,ערב הסטנדאפ המיותר
"בוקר, יובל סול",במות פתוחות,
"בורשטיין, עומר",פתיחת קופות,"שלישיית בערך, סטנדאפ פקטורי"
"בושם, נדב",פתיחת קופות,ישבנים קוראים שירה
"בטרקוב, פיטר",במות פתוחות,
"ביבי, טירן",הופעות/כתיבה בטלוויזיה,
"בייבי בייבי, שלמה",קביעות במועדונים,סטנדאפ פקטורי
"בייטל, נילי",במות פתוחות,קומדי בר
"בירנבוים, ארז",פתיחת קופות,"ערב גסויות, סטנדאפ פקטורי"
"בירנברג, אורן",במות פתוחות,
"בלבן, לירית",פתיחת קופות,נשי ותהני
"בלולו, קובי",קביעות במועדונים,קאמל קומדי קלאב
"בלומנבלט, מתן",הופעות/כתיבה בטלוויזיה,"צ' סופית, ערב הסטנדאפ המיותר"
"בלומנפלד, מירי",פתיחת קופות,
"בלילה, חיים",במות פתוחות,
"בן אבו, נתנאל",במות פתוחות,
"בן ברוך, בן",פתיחת קופות,
"בן גיגי, מיכל",במות פתוחות,
"בן דוד, עידן",קביעות במועדונים,קומדי בר
"בן דרור, אסתר",במות פתוחות,
"בן חורין, נתנאל",במות פתוחות,ערב הסטנדאפ החמים
"בן משה, שלי",במות פתוחות,
"בן נח, ינאי",קביעות במועדונים,"הסטנדאפ של הגיקים, סטנדאפ פקטורי"
"בן נמר, רותם",במות פתוחות,
"בן צבי, אלישר",במות פתוחות,
"בן שבת, עופר",הופעות/כתיבה בטלוויזיה,עופר ומאר
"בן שחר, זאב",פתיחת קופות,
"בן שמואל, אביב",הופעות/כתיבה בטלוויזיה,
"בנאי, אורנה",כוכבות,
"בנדק, דביר",סטנדאפ לאחר כוכבות,
"בצר, נעם",במות פתוחות,
"בק פוגל, קרן",פתיחת קופות,
"בקשי, אורן",הופעות/כתיבה בטלוויזיה,צוות מנחוס
"בר ישי, אבישי",במות פתוחות,
"בר נתן, רועי",כוכבות,
"בר, עמרי",במות פתוחות,ערב הסטנדאפ המאוחד
"בר, תמיר",הופעות/כתיבה בטלוויזיה,
"בראבא, שלמה",סטנדאפ לאחר כוכבות,
"ברדוגו, עדן",במות פתוחות,
"ברו, שמואל",פתיחת קופות,
"ברויר, אורי",פתיחת קופות,קאמל קומדי קלאב
"ברוך, אליהו",קביעות במועדונים,קומדי בר
"ברוכים, בני",פתיחת קופות,קומדי בר
"ברזילי, אורן",הופעות/כתיבה בטלוויזיה,ערב הסטנדאפ המיותר
"ברזילי, ענת",פתיחת קופות,
"ברטפלד, טליה",הופעות/כתיבה בטלוויזיה,
"בריג, אייל",קביעות במועדונים,"ערב גסויות, סטנדאפ פקטורי"
"ברכה, דורון",במות פתוחות,המיקרופון
"ברכר, מוטי",פתיחת קופות,
"ברלד, ירון",כוכבות,קומדי בר
"ברנע לשם, לילך",הופעות/כתיבה בטלוויזיה,
"ברסמן, עידן",במות פתוחות,
"ברק, יונתן",פתיחת קופות,קאמל קומדי קלאב
"ברק, נירו",במות פתוחות,האשכנזים
"ברקאי, עידן",הופעות/כתיבה בטלוויזיה,ערב הסטנדאפ המיותר
"ג'י, רועי",פתיחת קופות,קאמל קומדי קלאב
"ג'רפי, אביחי",במות פתוחות,
"גבני, יוסי",פתיחת קופות,"שלישיית בערך, סטנדאפ פקטורי"
"גבע גרומר, מירב",במות פתוחות,
"גבע, מיקי",כוכבות,
"גוטליב, אורי",סטנדאפ לאחר כוכבות,
"גולדנר, יהודה",במות פתוחות,"דעות על דברים, ערב הסטנדאפ האינטימי"
"גולדשטיין, ניקי",פתיחת קופות,
"גולן, דודו",במות פתוחות,
"גולפור, דניאל",קביעות במועדונים,"מעבדת הצחוק של היודלה בר, קומדי בר"
"גונן, ערן",במות פתוחות,
"גורי דה לימא, דניאל",במות פתוחות,"ערב הסטנדאפ החמים, הסטנדאפ של הגיקים"
"גורי, הגר",במות פתוחות,
"גורליק, דן",במות פתוחות,
"גינזבורג, חגית",קביעות במועדונים,"נשי ותהני, קאמל קומדי קלאב"
"גינס, תכלת",במות פתוחות,
"גיספן, אריאל",במות פתוחות,
"גל, איתי",במות פתוחות,
"גל, אלירן",במות פתוחות,
"גל, אסי",הופעות/כתיבה בטלוויזיה,"ערב הסטנדאפ המיותר, רוסט באטל"
"גל, דדי",קביעות במועדונים,קומדי בר
"גל, קרולין",במות פתוחות,
"גליקמן, אמיר",הופעות/כתיבה בטלוויזיה,ערב הסטנדאפ המיותר
"גלפרין, אלי",פתיחת קופות,
"גנני, אילן",הופעות/כתיבה בטלוויזיה,
"גרובר, יונתן",פתיחת קופות,
"גרוזניק כתב, איילת",פתיחת קופות,
"גרוס, מתן",במות פתוחות,
"גרופר, יונתן",הופעות/כתיבה בטלוויזיה,
"גרייניק, אבי",פתיחת קופות,
"גרין, אלון",במות פתוחות,
"גרינברג, יאיר",פתיחת קופות,
"גרינוולד, אוריה",במות פתוחות,
"גרינפלד, אור",במות פתוחות,
"גרינשטיין, אופיר",במות פתוחות,
"גרינשפן, רני",אנגלית,
"גרנות, ארז",במות פתוחות,
"ד'אנג'לי, נגה",פתיחת קופות,נשי ותהני
"דאום, חנוך",כוכבות,
"דביר, סופיה",במות פתוחות,
"דברת, עדי",במות פתוחות,
"דגן, מיה",במות פתוחות,ערב הסטנדאפ של הלייף
"דגן, רמי",במות פתוחות,
"דהאן, לימור",במות פתוחות,
"דהן, אופיר",פתיחת קופות,
דובדבני וקובץ',פתיחת קופות,קומדי בר
"דוד, אלעד",קביעות במועדונים,סטנדאפ פקטורי
"דוד, שוקי",פתיחת קופות,
"דוידי, יורן",הופעות/כתיבה בטלוויזיה,"תירסקסואל, ערב הסטנדאפ המיותר"
"דויטש, יניב",במות פתוחות,
"דוראני, ויוי",במות פתוחות,
"דידי, נחום",פתיחת קופות,קומדי בר
"דיטש, אביטל",במות פתוחות,
"דרוגר, גסטון",פתיחת קופות,
"דרורי, אסף",במות פתוחות,
"דריי, פאלומה",במות פתוחות,
"הבר, ליאור",במות פתוחות,ליאור מארחת
"הדר, צביקה",כוכבות,
"הוד, אדיר",במות פתוחות,
"הוכמן, גיא",פתיחת קופות,
"הורוביץ, אמיר",פתיחת קופות,קומדי בר
"הנגבי, מיכאל",פתיחת קופות,קאמל קומדי קלאב
"הנדלר, נדב",קביעות במועדונים,קומדי בר
"הר לב, ליאת",סטנדאפ לאחר כוכבות,
"הראל, גיל",במות פתוחות,
"הראל, רועי",במות פתוחות,
"הרוש, מאור",הופעות/כתיבה בטלוויזיה,עופר ומאר
"הרמל, מירב",פתיחת קופות,בנות עם ביצים
"הרשקוביץ, יוסף",במות פתוחות,
"הרשקוביץ, עמית",הופעות/כתיבה בטלוויזיה,ערב הסטנדאפ המיותר
"והבה, שלומי",במות פתוחות,
"והדי, הראל",קביעות במועדונים,סטנדאפ פקטורי
"וולך, לילך",הופעות/כתיבה בטלוויזיה,ערב הסטנדאפ המיותר
"וידר, שי",פתיחת קופות,סטנדאפ פקטורי
"ויטלזון יעקבס, רביטל",פתיחת קופות,
"ויינברג, דניאל",במות פתוחות,ערב הסטנדאפ החמים
"ויינברג, עמית",במות פתוחות,
"ויינר, חגית",במות פתוחות,
"ויינר, יובל",במות פתוחות,ערב הסטנדאפ של הלייף
"וייס, רחלה",פתיחת קופות,
"וייסברג, רותם",הופעות/כתיבה בטלוויזיה,
"וייסמן, אריאל",הופעות/כתיבה בטלוויזיה,"כל מה שמצחיק בעולם, צ' סופית"
"וייסמן, מתן",במות פתוחות,
"וילוז'ני, שמואל",כוכבות,
"וילצ'רסקי, גדי (עידן מור)",פתיחת קופות,"משחקי הקססה, סטנדאפ פקטורי"
"וינר, אמיר",במות פתוחות,
"ורד קפלן, טלי",פתיחת קופות,
"ורד, גל דודו",במות פתוחות,
"ורד, רמי",כוכבות,
"זאבי, בוב",פתיחת קופות,
"זאוסמר, חן",במות פתוחות,ערב הסטנדאפ המיותר
"זבולון, איתי",הופעות/כתיבה בטלוויזיה,
"זהבי, שיר",במות פתוחות,
"זוזל, אורן",פתיחת קופות,
"זולטי, טל",במות פתוחות,
"זיו, רותם",פתיחת קופות,מחשבות מסלול מחדש
"זילברמן, אריק",פתיחת קופות,קאמל קומדי קלאב
"זינגר, גיורא",פתיחת קופות,"שלישיית בערך, סטנדאפ פקטורי"
"זכריה, עידו",הופעות/כתיבה בטלוויזיה,ערב הסטנדאפ חסר הביטחון העצמי
"זלוטקין, נדב",במות פתוחות,"ערב הסטנדאפ האינטימי, ערב הסטנדאפ חסר הביטחון העצמי"
"זלמן אביטל, שירי",פתיחת קופות,
"זלצמן, אורי",במות פתוחות,האשכנזים
"זמיר, אייל",במות פתוחות,
"זרו, ברקו",פתיחת קופות,קאמל קומדי קלאב
"זרחוביץ', ערן",סטנדאפ לאחר כוכבות,
"זרעיה, שבי",פתיחת קופות,
"חביב, אלי",פתיחת קופות,"סטנדאפ ואלרגיות, קאמל קומדי קלאב"
"חביב, חי",במות פתוחות,
"חדד, שי",במות פתוחות,הקהל מת מצחוק
"חוגי, גלית",הופעות/כתיבה בטלוויזיה,כל מה שמצחיק בעולם
"חזון, עופר",פתיחת קופות,
"חזקיה, אורי",כוכבות,סטנדאפ פקטורי
"חי, סהר",במות פתוחות,"ערב הסטנדאפ החזק מאוד, ערב הסטנדאפ האינטימי"
"חיבה, פלג",במות פתוחות,
"חיו, אבי",קביעות במועדונים,קומדי בר
"חיו, יפית",במות פתוחות,
"חלימי, אביתר",הופעות/כתיבה בטלוויזיה,"צ' סופית, ערב הסטנדאפ המיותר"
"חמו, יעקב",הופעות/כתיבה בטלוויזיה,
"חממי, אורי",במות פתוחות,
"חן, דניאל",פתיחת קופות,"הנרקיסיסטים, סטנדאפ פקטורי"
"חן, מור",פתיחת קופות,
"חנוכה, ענבל",קביעות במועדונים,"אסיפת הורים, סטנדאפ פקטורי"
"חנניה, עמרי",במות פתוחות,
"חסון, שחר",כוכבות,"במה פתוחה באנגלית 3 יחידות, קומדי בר"
"חפץ, יניב",במות פתוחות,
"חקלאי, יובל",קביעות במועדונים,קאמל קומדי קלאב
"חרקובר, דני",במות פתוחות,
"חשאי, עמית",פתיחת קופות,סטנדאפ פקטורי
"טבריה, רונן",במות פתוחות,
"טובים, אמירם",פתיחת קופות,קומדי בר
"טולדנו, מיה",פתיחת קופות,
"טייכנר, דרור",הופעות/כתיבה בטלוויזיה,צמד שיניים
"טירנגל, טל",הופעות/כתיבה בטלוויזיה,"תירסקסואל, ערב הסטנדאפ המיותר"
"טלניר, אורי",במות פתוחות,
"טרבלוס, יוסי",פתיחת קופות,קומדי בר
"יאדגר, אורן",פתיחת קופות,
"ידעי, גל",במות פתוחות,
"יום טוב, שי",פתיחת קופות,קאמל קומדי קלאב
"יוקו, בבר",פתיחת קופות,
"יעקבי, יאיר",פתיחת קופות,
"יער, תום",כוכבות,
"יפת, יוגב",הופעות/כתיבה בטלוויזיה,
"יצחקי, אסף",פתיחת קופות,סטנדאפ פקטורי
"יצפאן, אלי",כוכבות,
"יקיר, אודליה",פתיחת קופות,
"ישראל, מרסל (לימור שושן)",פתיחת קופות,
"ישראלי, אילאיל",פתיחת קופות,מחשבות מסלול מחדש
"יתח, דור",קביעות במועדונים,"הנרקיסיסטים, סטנדאפ פקטורי"
"כאהן, דור",הופעות/כתיבה בטלוויזיה,"ערב הסטנדאפ המיותר, קאמל קומדי קלאב"
"כגן, אודי",סטנדאפ לאחר כוכבות,
"כהן, אסי",סטנדאפ לאחר כוכבות,קומדי בר
"כהן, דני",במות פתוחות,ערב הסטנדאפ האינטימי
"כהן, דניאל",פתיחת קופות,קומדי בר
"כהן, יואב",קביעות במועדונים,"האשכנזים, קאמל קומדי קלאב"
"כהן, יעקב",כוכבות,
"כהן, ליעוז",קביעות במועדונים,קומדי בר
"כהן, מאור",סטנדאפ לאחר כוכבות,
"כהן, נאור",במות פתוחות,
"כהן, עדי",אנגלית,
"כהן, קארין",הופעות/כתיבה בטלוויזיה,ערב הסטנדאפ המיותר
"כהן, שי",במות פתוחות,"ערב הסטנדאפ האינטימי, ערב הסטנדאפ החמים"
"כהנא, סיגל",פתיחת קופות,"נשי ותהני, קאמל קומדי קלאב"
"כורם, מור",במות פתוחות,
"כפרי, רועי",סטנדאפ לאחר כוכבות,
"כץ, ניר",במות פתוחות,
"לב, חיה",אנגלית,דנסינג קאמל
"לב, לאה",כוכבות,קאמל קומדי קלאב
"לב, עדי",במות פתוחות,
"לבנטל, יעל",סטנדאפ לאחר כוכבות,
"לבקוביץ', בן",במות פתוחות,סטנדאפ בגלריה
"לגזיאל שי, עדי",במות פתוחות,
"לוביט, בנג'י",אנגלית,דנסינג קאמל
"לוטבק, אביעד",במות פתוחות,
"לוי, אייל",במות פתוחות,
"לוי, גיא",קביעות במועדונים,קומדי בר
"לוי, דוד",במות פתוחות,
"לוי, דייב",אנגלית,
"לוי, הדר",פתיחת קופות,
"לוי, יואב",פתיחת קופות,
"לוי, רועי",כוכבות,קאמל קומדי קלאב
"לוי, רן",פתיחת קופות,
"לוי, רשף",כוכבות,
"לוי, תומר",במות פתוחות,
"לוין, עמרי",במות פתוחות,דנסינג קאמל
"לוקסנבורג, שרון",במות פתוחות,
"לזובסקי, מיכל",במות פתוחות,
"ליבנה, גידי",פתיחת קופות,סטנדאפ פקטורי
"ליברמן, אבי",אנגלית,
"לייזר, רועי",במות פתוחות,
"ליפו, אסף",במות פתוחות,
"ליפל, אור",הופעות/כתיבה בטלוויזיה,
"לנדאו, יהודה",במות פתוחות,
"לנטון, איתי",במות פתוחות,ערב הסטנדאפ האמביוולנטי
"לסלאו, חנה",כוכבות,
"לפידות, עדינה",במות פתוחות,
"לקס, מתן",הופעות/כתיבה בטלוויזיה,
"מג'ר, ניב",הופעות/כתיבה בטלוויזיה,כל מה שמצחיק בעולם
"מגן שבו, ענת",כוכבות,
"מדלסי, יונתן",במות פתוחות,
מוהנד,במות פתוחות,
"מויאל, אמיר",פתיחת קופות,
"מולכו, אסף",במות פתוחות,
"מונט, ג'וזי",במות פתוחות,
"מור יוסף, אסף",פתיחת קופות,
"מורי, ערן",פתיחת קופות,
"מושונוב, מוני",סטנדאפ לאחר כוכבות,
"מזרחי, חן",פתיחת קופות,קאמל קומדי קלאב
"מזרחי, ישי",פתיחת קופות,
"מחלב, סמי",במות פתוחות,
"מטו, ששי",קביעות במועדונים,קומדי בר
"מיינדר, ערן",במות פתוחות,
"מיכאלי, בנצי",במות פתוחות,
"מיכאלי, רבקה",כוכבות,
"מיכלוביץ', טל",קביעות במועדונים,קאמל קומדי קלאב
"מילמן, דדו",פתיחת קופות,
"מילר, אדיר",כוכבות,
"מילשטיין, נמרוד",במות פתוחות,
"מימון, קובי",כוכבות,
"מימון, תאיר",במות פתוחות,
"מימרן, אוהד",פתיחת קופות,קומדי בר
"מיציגורסקי, שרה",במות פתוחות,ערב הסטנדאפ של הלייף
"מירב, אבנר",במות פתוחות,"הסטנדאפ של הגיקים, דנסינג קאמל"
"מלכה, מני",פתיחת קופות,קאמל קומדי קלאב
"מלמד, אורי",פתיחת קופות,
"מלצר, יעל",במות פתוחות,
"ממן, מאור",במות פתוחות,
"מנדל, נויה",פתיחת קופות,
"מנדס, עומר",במות פתוחות,
"מנור, מיכל",במות פתוחות,
"מנור, נועה",פתיחת קופות,"נשי ותהני, קאמל קומדי קלאב"
"מנקס, טל",פתיחת קופות,
"מרטון, אנאבל",פתיחת קופות,
"מרציאנו, דולב",במות פתוחות,
"משולם, ירדן",במות פתוחות,
"משל פליישמן, רוני",במות פתוחות,
"נאומנקו, מיכאל",קביעות במועדונים,"מעבדת הצחוק של היודלה בר, קומדי בר"
"נאור, אייל",הופעות/כתיבה בטלוויזיה,ערב הסטנדאפ המיותר
"נבון, דב",סטנדאפ לאחר כוכבות,
"נבון, רונה",במות פתוחות,
"נהרי, אלון",פתיחת קופות,סטנדאפ פקטורי
"נוי, ירון",פתיחת קופות,ערב הסטנדאפ האינטימי
"נוימן, אלון",פתיחת קופות,
"נוימן, עידו",במות פתוחות,ערב הסטנדאפ האינטימי
"נויפלד, אלון",במות פתוחות,
"נוסבאום, אבי",פתיחת קופות,
"ניידיץ, עידן",פתיחת קופות,סטנדאפ פקטורי
"נעמה, מוחמד",פתיחת קופות,קומדי בר
"נצר, כרמל",הופעות/כתיבה בטלוויזיה,סטנדאפ ואלרגיות
"סאלם, שמרית",במות פתוחות,
"סאסמן, נינה",במות פתוחות,
"סבח, מישל",במות פתוחות,
"סביון, חנן",סטנדאפ לאחר כוכבות,
"סגרסקי, אופיר",פתיחת קופות,
"סהר, אלדד",במות פתוחות,
"סוויסה, נופר",פתיחת קופות,
"סולומון, טל",פתיחת קופות,קאמל קומדי קלאב
"סופר, יוסף",במות פתוחות,
"סייג, איימי",במות פתוחות,
"סייג, מאי",במות פתוחות,
"סימן טוב, קובי",במות פתוחות,
"סיקלאי, ליאורה",פתיחת קופות,
"סלינג'ר אדלר, קרן",במות פתוחות,
"סמו, יובל",כוכבות,
"ססובר, גיל",כוכבות,
"סעדה, רודי",פתיחת קופות,
"ספונדר, יוחאי",פתיחת קופות,"פאני מאנדיי, קאמל קומדי קלאב"
"ספן, שמוליק",פתיחת קופות,
"ספרא, יחיאל",פתיחת קופות,
"סקוץ', חני",אנגלית,דנסינג קאמל
"סרוסי, אושרית",הופעות/כתיבה בטלוויזיה,
"סתיו, הדר",במות פתוחות,
"עוזרי, מני",פתיחת קופות,סטנדאפ פקטורי
"עיסא, נורמן",סטנדאפ לאחר כוכבות,
"עמבר, אביב",במות פתוחות,ערב הסטנדאפ של הלייף
"עמוס, איתי",במות פתוחות,"ערב הסטנדאפ האינטימי, ערב הסטנדאפ חסר הביטחון העצמי"
"עמיאל, גיא",במות פתוחות,
"עמיר, גיא",סטנדאפ לאחר כוכבות,
"עמירן, יונתן",הופעות/כתיבה בטלוויזיה,"ערב הסטנדאפ המיותר, ערב הסטנדאפ האינטימי"
"עמית, שרון",במות פתוחות,
"עמר, נדב",קביעות במועדונים,"מעבדת הצחוק של היודלה בר, קומדי בר"
"ענפי, יוני",במות פתוחות,דנסינג קאמל
"פאולינה, זהר",פתיחת קופות,
"פאוקר, ליאור",הופעות/כתיבה בטלוויזיה,צמד שיניים
"פדאל, איתמר",קביעות במועדונים,קומדי בר
"פז, מאיה",במות פתוחות,ערב הסטנדאפ המיותר
"פז, קארין",פתיחת קופות,קומדי בר
"פטל, אדיר",במות פתוחות,
"פטריק, מיכאל",במות פתוחות,
"פינסקר, דנה",במות פתוחות,ערב הסטנדאפ חסר הביטחון העצמי
"פינקי, איתי",פתיחת קופות,סטנדאפ פקטורי
"פיפר, עופר",פתיחת קופות,
"פיפרברג, טל",במות פתוחות,
"פיש, יאיר",במות פתוחות,האשכנזים
"פישמן, תומר",הופעות/כתיבה בטלוויזיה,"כל מה שמצחיק בעולם, ערב הסטנדאפ המיותר"
"פישר, גיתית",כוכבות,
"פלאצ'י, דיקלה קרן",במות פתוחות,
"פלד הרפז, דורית",פתיחת קופות,
"פלדהאמר, ג'רמי",אנגלית,דנסינג קאמל
"פלדמן, רון",הופעות/כתיבה בטלוויזיה,ערב הסטנדאפ המיותר
"פנדריך, נועם",במות פתוחות,
"פנסו, יוסי",פתיחת קופות,קומדי בר
"פפו, הראל",פתיחת קופות,
"פרג'ון, אלעד",במות פתוחות,
"פרום מרגלית, אורלי",במות פתוחות,
"פרחי, סתיו",במות פתוחות,
"פרי סגל, דנה",במות פתוחות,
"פרידמן, אלעזר",במות פתוחות,
"פרידמן, טל",כוכבות,
"פרידמן, שגיב",פתיחת קופות,קאמל קומדי קלאב
"פרייליך, תמיר אלכס",במות פתוחות,
"פרישמן, נדב",קביעות במועדונים,קאמל קומדי קלאב
"פרנק ארליך, ירין",במות פתוחות,
"פרסטר, משה",פתיחת קופות,
"פרץ, מתן",קביעות במועדונים,"הנרקיסיסטים, סטנדאפ פקטורי"
"צאיג, כרמל",הופעות/כתיבה בטלוויזיה,"סטנדאפ ואלרגיות, ערב הסטנדאפ המיותר"
"צברי, רועי",פתיחת קופות,קאמל קומדי קלאב
"צור, מתן",במות פתוחות,
"צח, דור",במות פתוחות,
"ציון, נאור",כוכבות,
"צנחני, עדן",קביעות במועדונים,קאמל קומדי קלאב
"צרפתי, דן",במות פתוחות,ערב הסטנדאפ החמים
"קאושנסקי, אביה",במות פתוחות,
"קובה, יוסי",במות פתוחות,
"קובל, קובי",במות פתוחות,
"קולודובסקי, אליק",במות פתוחות,
"קופטש, גיל",כוכבות,קאמל קומדי קלאב
"קור, דוד",במות פתוחות,
"קוריאט, קובי",פתיחת קופות,
"קוריאט, שלומי",כוכבות,
"קורנר, כפיר",במות פתוחות,
"קורקוס, דידי",במות פתוחות,ערב הסטנדאפ החמים
"קטורזה, ישראל",כוכבות,
"קילימניק, דייוויד",אנגלית,אוף דה וול
"קיפריס, בן",במות פתוחות,
"קיציס, איל",כוכבות,
"קירזון, מיכל",פתיחת קופות,בנות עם ביצים
"קירש, שרה",אנגלית,דנסינג קאמל
"קל, מורן",הופעות/כתיבה בטלוויזיה,
"קליימן, ארז",פתיחת קופות,קאמל קומדי קלאב
"קליין, אביגיל",פתיחת קופות,
"קליין, גלעד",במות פתוחות,
"קלינג, עמית",הופעות/כתיבה בטלוויזיה,ערב הסטנדאפ המיותר
"קלמן, רני",במות פתוחות,
"קלצל, יוני",במות פתוחות,
"קם, מיקי",כוכבות,
"קמושביץ, דני",פתיחת קופות,
"קמיאנסקי, אורן",קביעות במועדונים,סטנדאפ פקטורי
"קנבסקי, אלה",במות פתוחות,
"קנובלר, שיר",במות פתוחות,
"קפח, יונה",פתיחת קופות,נשי ותהני
"קפלן, בוריס",במות פתוחות,
"קפלן, שחר",במות פתוחות,ערב הסטנדאפ החזק מאוד
"קפלנסקי, אסף",הופעות/כתיבה בטלוויזיה,כל מה שמצחיק בעולם
"קציר, עידו",הופעות/כתיבה בטלוויזיה,ערב הסטנדאפ המיותר
"קרול, מייק",אנגלית,דנסינג קאמל
"קריו, אופיר",במות פתוחות,
"קריו, דורין",פתיחת קופות,
"קרן, דרור",סטנדאפ לאחר כוכבות,
"קרן, חיה",במות פתוחות,
"קשאני, דור",במות פתוחות,
"ראובן, שיר",הופעות/כתיבה בטלוויזיה,סטנדאפ ואלרגיות
"ראודור, יונתן",במות פתוחות,"ערב הסטנדאפ של האלה, ערב הסטנדאפ האינטימי"
"ראיצ'יק, שמעון",קביעות במועדונים,"משחקי הקססה, סטנדאפ פקטורי"
"ראשון, טל",קביעות במועדונים,"הנרקיסיסטים, סטנדאפ פקטורי"
"רביד, דותן",קביעות במועדונים,קומדי בר
"רבינוביץ', יואב",הופעות/כתיבה בטלוויזיה,ערב הסטנדאפ המיותר
"רביץ, דורון",פתיחת קופות,
"רביץ, לני",פתיחת קופות,
"רהב, דורון",פתיחת קופות,"נשי ותהני, קאמל קומדי קלאב"
"רובין, ימית",במות פתוחות,
"רודריגז, נעמה",במות פתוחות,ערב הסטנדאפ האינטימי
"רוזין, נעמי",במות פתוחות,ערב הסטנדאפ המיותר
"רוזנברג, איל",פתיחת קופות,קומדי בר
"רוזנברג, גיל",במות פתוחות,ירושלים צוחקת
"רוזנברג, עמית",קביעות במועדונים,קאמל קומדי קלאב
"רוזנס, יעל",במות פתוחות,
"רום, ליאור",במות פתוחות,המיקרופון
"רומי, ליאור",במות פתוחות,
"רומם, שחר",במות פתוחות,סטנדאפ סמית
"רומנו, לירון",פתיחת קופות,קומדי בר
"רון, קרן",פתיחת קופות,
"רונן, עידן",במות פתוחות,ערב הסטנדאפ של צ'וטה
רועי וצפריר,פתיחת קופות,
"רוקח, צח",פתיחת קופות,סטנדאפ פקטורי
"רזניק, שי",במות פתוחות,
"רחמים, בר",במות פתוחות,
"רייס, עמית",במות פתוחות,האשכנזים
"רכס, דני",פתיחת קופות,
"רמז, אורית",פתיחת קופות,
"רצ'קובסקי, דניאל",הופעות/כתיבה בטלוויזיה,ערב הסטנדאפ המיותר
"רק, נעמה",במות פתוחות,
"שאינסקי, אודי חופש",במות פתוחות,ערב הסטנדאפ החמים
"שביט, ציפי",כוכבות,
"שבתאי, דנה",קביעות במועדונים,"ערב הסטנדאפ של האלה, קאמל קומדי קלאב"
"שגב מנשרי, שני",פתיחת קופות,מחשבות מסלול מחדש
"שגב, אריק",הופעות/כתיבה בטלוויזיה,
"שגב, יובל",פתיחת קופות,ישבנים קוראים שירה
"שגרן, רולנדה",פתיחת קופות,
"שוורץ, יורם",במות פתוחות,
"שוורץ, ליטל",כוכבות,
"שוורצמן, ניר",פתיחת קופות,
"שוחמי, שי",קביעות במועדונים,"ערב גסויות, סטנדאפ פקטורי"
"שונברגר, עידן",במות פתוחות,
"שוסטר-אליאסי, נועם",הופעות/כתיבה בטלוויזיה,
"שור, אלמוג",פתיחת קופות,קאמל קומדי קלאב
"שחר, איתן",במות פתוחות,
"שטיינגרט, לירון",פתיחת קופות,
"שטראוס, ארז",במות פתוחות,
"שטרית, אלדד",קביעות במועדונים,קומדי בר
"שטרן, רמי",הופעות/כתיבה בטלוויזיה,
"שייד, ניית'ן",אנגלית,דנסינג קאמל
"שילה, רועי",קביעות במועדונים,"קאמל קומדי קלאב, קומדי בר"
"שינדר, לאון",במות פתוחות,
"שיק בלום, ירמי",הופעות/כתיבה בטלוויזיה,"כל מה שמצחיק בעולם, ערב הסטנדאפ המיותר"
"שכטר, עפר",כוכבות,קאמל קומדי קלאב
"שליין, ליאור",סטנדאפ לאחר כוכבות,
שלישיית מה קשור,כוכבות,
"שלם, ארז",כוכבות,
"שם טוב, ליעוז",פתיחת קופות,קומדי בר
"שם טוב, מיכל",קביעות במועדונים,קומדי בר
"שמואל, לישי",הופעות/כתיבה בטלוויזיה,צוות מנחוס
"שמיר, שרה",פתיחת קופות,
"שני, בן",במות פתוחות,
"שפירו, מיטל",הופעות/כתיבה בטלוויזיה,"סטנדאפ ואלרגיות, ערב הסטנדאפ המיותר"
"שפר, טל",הופעות/כתיבה בטלוויזיה,צ' סופית
"שרון, אדם",פתיחת קופות,קומדי בר
"שרון, מתן",במות פתוחות,ערב הסטנדאפ המיותר
"שרון, תומר",פתיחת קופות,
"שריקי, קובי",במות פתוחות,"סטנדאפ הפילוסופים, ערב הסטנדאפ האינטימי"
"ששון, עדי",במות פתוחות,ערב הסטנדאפ המיותר
"ששון, רוני",פתיחת קופות,קומדי בר
"תגר, נלי",סטנדאפ לאחר כוכבות,
"תואתי, ז'ואקים",במות פתוחות,